index,url,valid,domain,title,description,image,published,archive,content,quote,language,keyword
https://ooe.orf.at/stories/3222299/,https://ooe.orf.at/stories/3222299/,0,ooe.orf.at,Neuerungen bei Linzer Weihnachtsmarkt,"Umgekrempelt wurde das Konzept für den Linzer Weihnachtsmarkt im Volksgarten.  Die Rasenfläche soll geschont werden, denn sie war in der Vergangenheit nach den Weihnachtsmärkten meist in einem sehr schlechten Zustand und musste kostspielig erneuert werden.",https://ibs.orf.at/ooe?image=https%3A%2F%2Foekastatic.orf.at%2Fmims%2F2022%2F53%2F66%2Fcrops%2Fw%3D1200%2Ch%3D627%2Cq%3D75%2F1626221_master_596666_silvester9.jpg%3Fs%3D29c0f6a405380fd8047724245c56c7bb071d9ea1,2023-09-01T03:35:48Z,https://web.archive.org/web/20230902024052/https://ooe.orf.at/stories/3222299/,"Die meisten Hütten und Verkaufsstände sollen heuer auf asphaltierten Flächen stehen, auch der Musiktheater-Vorplatz wird dafür genutzt. Eine große Rasenfläche werde damit geschont, sagt der Linzer Bü… [+905 chars]",,de,'Weihnachtsmarkt'
https://www.tagesspiegel.de/gesellschaft/panorama/weniger-schaden-als-befurchtet-75-verletzte-in-kliniken-nach-taifun-saola-in-hongkong-10406605.html,https://www.tagesspiegel.de/gesellschaft/panorama/weniger-schaden-als-befurchtet-75-verletzte-in-kliniken-nach-taifun-saola-in-hongkong-10406605.html,0,www.tagesspiegel.de,Weniger Schäden als befürchtet: 75 Verletzte in Kliniken nach Taifun „Saola“ in Hongkong,Die dicht besiedelte Küstenregion in Südchina hatte sich auf den schwersten Taifun seit 70 Jahren eingestellt. Doch die Vorsichtsmaßnahmen gegen „Saola“ griffen.,https://www.tagesspiegel.de/images/topshot-hong-kong-china-weather-typhoon/alternates/BASE_16_9_W1400/topshot-hong-kong-china-weather-typhoon.jpeg,2023-09-02T11:17:49Z,https://web.archive.org/web/20230903011218/https://www.tagesspiegel.de/gesellschaft/panorama/weniger-schaden-als-befurchtet-75-verletzte-in-kliniken-nach-taifun-saola-in-hongkong-10406605.html,"Die Finanzmetropole Hongkong hat den Taifun Saola ohne größere Schäden überstanden. Wie die Behörden am Samstag meldeten, haben sich 75 Personen aufgrund von Verletzungen in Krankenhäusern behandeln … [+2146 chars]",,de,'Vorsichtsmaßnahmen'
https://www.stern.de/panorama/unwetter--hongkong-kehrt-nach-taifun--saola--zur-normalitaet-zurueck-33789442.html,https://www.stern.de/panorama/unwetter--hongkong-kehrt-nach-taifun--saola--zur-normalitaet-zurueck-33789442.html,0,www.stern.de,"Unwetter: Hongkong kehrt nach Taifun ""Saola"" zur Normalität zurück","Die dicht besiedelte Küstenregion in Südchina hat sich auf den schwersten Taifun seit 70 Jahren eingestellt. Doch dank der breiten Vorsichtsmaßnahmen hat ""Saola"" nur minimale Schäden angerichtet.",https://image.stern.de/33789444/t/Dy/v3/w1440/r1.7778/-/02--urnnewsmldpacom200901012309029947349v3w800h600l555t373r1835b1226jpeg---ec25ae6fd2ff5c04.jpg,2023-09-02T11:22:41Z,https://web.archive.org/web/20230904044905/https://www.stern.de/panorama/unwetter--hongkong-kehrt-nach-taifun--saola--zur-normalitaet-zurueck-33789442.html,"Die dicht besiedelte Küstenregion in Südchina hat sich auf den schwersten Taifun seit 70 Jahren eingestellt. Doch dank der breiten Vorsichtsmaßnahmen hat ""Saola"" nur minimale Schäden angerichtet.
Di… [+2049 chars]",,de,'Vorsichtsmaßnahmen'
https://www.bild.de/sport/wintersport/wintersport/wintersport-kurz-vor-saisonstart-ski-star-posiert-fuer-bettwaesche-werbung-85276448.bild.html,https://www.bild.de/sport/wintersport/wintersport/wintersport-kurz-vor-saisonstart-ski-star-posiert-fuer-bettwaesche-werbung-85276448.bild.html,0,www.bild.de,Kurz vor Saisonstart - Ski-Star posiert für Bettwäsche-Werbung,Ski-Star Katharina Liensberger (26) hat kurz vor dem Saisonstart in die neue Wintersport-Saison abseits der Piste für (Fan-)Furore gesorgt.,"https://images.bild.de/64f44c9d8daa1c4b64e703b5/c49a045a92448b02fd90357f09ca1c4e,3be450e3?w=1280",2023-09-03T10:47:03Z,,"Mit diesem Post macht sie ihre Fans verrückt!
Ski-Star Katharina Liensberger (26) hat kurz vor dem Saisonstart in die neue Wintersport-Saison abseits der Piste für (Fan-)Furore gesorgt. Sie ist das … [+1908 chars]",,de,'Wintersport'
https://www.stern.de/gesellschaft/allein-in-der-wildnis--happiness-coach-mikaela-creutz-ueber-den-schluessel-zum-glueck-33757044.html,https://www.stern.de/gesellschaft/allein-in-der-wildnis--happiness-coach-mikaela-creutz-ueber-den-schluessel-zum-glueck-33757044.html,0,www.stern.de,"Finnland : ""Ich verbringe mehrere Wochen im Jahr alleine in der Wildnis"": Happiness-Coach Mikaela Creutz über Glück, Einsamkeit und die Natur","Die Finnen sind das glücklichste Volk der Welt – das liegt vor allem an ihrem Zugang zur Natur, sagt Happiness-Coach Mikaela Creutz. Sie verbringt mehrere Wochen im Jahr in der Wildnis, alleine, mitten im Wald und bei minus 30 Grad. Was ist ihr Schlüssel zum …",https://image.stern.de/33757150/t/fH/v2/w1440/r1.7778/-/mikaela-creutz.jpg,2023-09-03T16:49:00Z,,"Frau Creutz, was bedeutet Glück für Sie?Die Natur sie spendet Kraft, Erholung und ist der Schlüssel für unser Wohlbefinden. Unser Leben ist künstlich erschaffen und voll von Ablenkungen, die um unser… [+5919 chars]",,de,'Einsamkeit'
https://www.faz.net/aktuell/wirtschaft/schneller-schlau/krankheiten-wirtschaftlicher-schaden-und-co-die-vielfaeltigen-folgen-von-einsamkeit-19142623.html,https://www.faz.net/aktuell/wirtschaft/schneller-schlau/krankheiten-wirtschaftlicher-schaden-und-co-die-vielfaeltigen-folgen-von-einsamkeit-19142623.html,0,www.faz.net,F.A.Z.-Serie Schneller Schlau: Das unsichtbare Leiden,"Einsamkeit ist keine Krankheit, macht aber viele krank. Politische Hilfe gibt es in Deutschland noch wenig. Wer ist betroffen, was sind die Ursachen und welche Auswirkungen hat Einsamkeit auf unsere Volkswirtschaft?",https://media0.faz.net/ppmedia/aktuell/3310044315/1.9144014/facebook_teaser/einsamkeit-sns-aufmacher.jpg,2023-09-04T19:19:58Z,https://web.archive.org/web/20230904194628/https://www.faz.net/aktuell/wirtschaft/schneller-schlau/krankheiten-wirtschaftlicher-schaden-und-co-die-vielfaeltigen-folgen-von-einsamkeit-19142623.html,"F.A.Z.-Serie Schneller Schlau: Das unsichtbare Leiden
F.A.Z.-Serie Schneller Schlau
Das unsichtbare Leiden
Von Dana HajekEinsamkeit ist keine Krankheit, macht aber viele krank. Politische Hilfe gi… [+205 chars]",,de,'Einsamkeit'
https://www.stern.de/gesellschaft/regional/bayern/wintersport--ski-legende-wasmeier-wird-60---technik-da--koerper-nicht-so--33799490.html,https://www.stern.de/gesellschaft/regional/bayern/wintersport--ski-legende-wasmeier-wird-60---technik-da--koerper-nicht-so--33799490.html,0,www.stern.de,"Wintersport: Ski-Legende Wasmeier wird 60: ""Technik da, Körper nicht so""",Schliersee - In Markus Wasmeier steckt auch fast 30 Jahre nach seinen zwei Goldmedaillen bei den Olympischen Spielen von Lillehammer immer noch ein,https://image.stern.de/33799492/t/_1/v1/w1440/r1.7778/-/06--urnnewsmldpacom200901012309069989941v3w800h600l639t426r1917b1282jpeg---764ff5d485e17990.jpg,2023-09-06T04:01:25Z,,"Wenn Doppel-Olympiasieger Markus Wasmeier auf seinen Skiern steht, fühlt er sich wie früher - zumindest fast.
In Markus Wasmeier steckt auch fast 30 Jahre nach seinen zwei Goldmedaillen bei den Olym… [+1521 chars]",,de,'Wintersport'
https://www.stern.de/gesellschaft/regional/bayern/wintersport--wasmeier-zum-ski-kalender--nichts-mit-nachhaltigkeit-zu-tun-33799554.html,https://www.stern.de/gesellschaft/regional/bayern/wintersport--wasmeier-zum-ski-kalender--nichts-mit-nachhaltigkeit-zu-tun-33799554.html,0,www.stern.de,Wintersport: Wasmeier zum Ski-Kalender: Nichts mit Nachhaltigkeit zu tun,Für Doppel-Olympiasieger Markus Wasmeier sind die Nachhaltigkeitsbemühungen des Ski-Weltverbands Fis unzureichend. Die Alpin-Legende kritisiert den Präsidenten Johan Eliasch scharf.,https://image.stern.de/33799556/t/eu/v1/w1440/r1.7778/-/06--urnnewsmldpacom200901012309069989989v3w800h600l640t422r1920b1267jpeg---135ab1848b0be488.jpg,2023-09-06T04:05:13Z,,"Für Doppel-Olympiasieger Markus Wasmeier sind die Nachhaltigkeitsbemühungen des Ski-Weltverbands Fis unzureichend. Die Alpin-Legende kritisiert den Präsidenten Johan Eliasch scharf.
Die deutsche Alp… [+1457 chars]",,de,'Wintersport'
https://www.sueddeutsche.de/muenchen/muenchen-einsamkeit-ratschbankerl-1.6199850,https://www.sueddeutsche.de/muenchen/muenchen-einsamkeit-ratschbankerl-1.6199850,0,www.sueddeutsche.de,Einsamkeit in der Großstadt: Bänke zum Ratschen - funktioniert das in München?,"Es war eine Idee des Stadtrats, sogenannte Ratschbankerl aufzustellen, auf denen sich Menschen austauschen sollen, spontan und ungezwungen. Doch ist das was für die Münchner? Ein Rundgang.",https://www.sueddeutsche.de/image/sz.1.6199856/1200x675?v=1693997506,2023-09-06T10:52:10Z,,"6. September 2023, 12:52 Uhr
Eine gute Idee, diese Ratschbankerl, meint Gabriele Bergmair-Drexler. Sie sitzt auf der Bank am St.- Anna-Platz im Lehel und ist überzeugt, dass Einsamkeit vor allem in … [+1077 chars]",,de,'Einsamkeit'
https://www.faz.net/aktuell/gesellschaft/menschen/jill-biden-mit-corona-infiziert-joe-biden-zeigt-sich-ohne-maske-19156600.html,https://www.faz.net/aktuell/gesellschaft/menschen/jill-biden-mit-corona-infiziert-joe-biden-zeigt-sich-ohne-maske-19156600.html,0,www.faz.net,„Ich bin clean“: Joe Biden macht sich über Corona-Maßnahmen lustig,"Weil sich die First Lady mit Corona infiziert hat, versicherten die Berater des amerikanischen Präsidenten eigentlich: Er werde sich an alle Vorsichtsmaßnahmen halten. Stattdessen scherzt Biden maskenlos über mögliche Risiken.",https://media1.faz.net/ppmedia/aktuell/972635967/1.9156869/facebook_teaser/nimmt-es-wohl-nicht-mehr-so.jpg,2023-09-07T09:01:02Z,https://web.archive.org/web/20230907101957/https://www.faz.net/aktuell/gesellschaft/menschen/jill-biden-mit-corona-infiziert-joe-biden-zeigt-sich-ohne-maske-19156600.html,Nach der Corona-Infektion seiner Ehefrau Jill hat der amerikanische Präsident Joe Biden erneut in der Öffentlichkeit die Maske abgenommen. So schwenkte Biden am Mittwoch eine schwarze Maske in der Lu… [+1379 chars],,de,'Vorsichtsmaßnahmen'
https://www.zeit.de/news/2023-09/07/rund-2-54-millionen-euro-an-heizkosten-hilfen-ausgezahlt,https://www.zeit.de/news/2023-09/07/rund-2-54-millionen-euro-an-heizkosten-hilfen-ausgezahlt,0,www.zeit.de,"Energie: Rund 2,54 Millionen Euro an Heizkosten-Hilfen ausgezahlt",,,2023-09-07T10:00:21Z,,"When browsing with ads:
We collect personal data and also transmit it to third-party providers
 that help us improve and finance our digital content. Some of the information stored on your device, … [+821 chars]",,de,'Heizkosten'
https://www.stern.de/gesellschaft/regional/thueringen/energie--rund-2-54-millionen-euro-an-heizkosten-hilfen-ausgezahlt-33804102.html,https://www.stern.de/gesellschaft/regional/thueringen/energie--rund-2-54-millionen-euro-an-heizkosten-hilfen-ausgezahlt-33804102.html,0,www.stern.de,"Energie: Rund 2,54 Millionen Euro an Heizkosten-Hilfen ausgezahlt","In Thüringen sind bisher rund 2,54 Millionen Euro an Härtefallhilfen für Heizkosten an private Haushalte ausgezahlt worden. Seit Mai seien im Freistaat rund 10.000 Anträge auf Unterstützung bei den Kosten für Heizöl, Flüssiggas oder Pellets gestellt worden, t…",https://image.stern.de/33804104/t/Ei/v1/w1440/r1.7778/-/07--urnnewsmldpacom2009010123090799106576v3w800h600l143t0r2416b1706jpeg---0185e4f6b197611b.jpg,2023-09-07T10:00:21Z,,"In Thüringen sind bisher rund 2,54 Millionen Euro an Härtefallhilfen für Heizkosten an private Haushalte ausgezahlt worden. Seit Mai seien im Freistaat rund 10.000 Anträge auf Unterstützung bei den K… [+1313 chars]",,de,'Heizkosten'
https://www.sueddeutsche.de/politik/haushaltdebatte-hubertus-heil-arbeitsminister-sparplaene-1.6206960,https://www.sueddeutsche.de/politik/haushaltdebatte-hubertus-heil-arbeitsminister-sparplaene-1.6206960,0,www.sueddeutsche.de,Haushaltsdebatte: Die Einsamkeit des Sparers,Arbeitsminister Hubertus Heil ruft mit seinen Sparplänen für Arbeitslose und Jobcenter Kritik im Bundestag hervor. Nicht nur die Opposition ist unzufrieden.,https://www.sueddeutsche.de/image/sz.1.6206961/1200x675?v=1694180041,2023-09-08T13:48:52Z,https://web.archive.org/web/20230909114631/https://www.sueddeutsche.de/politik/haushaltdebatte-hubertus-heil-arbeitsminister-sparplaene-1.6206960,Arbeitsminister Hubertus Heil ruft mit seinen Sparplänen für Arbeitslose und Jobcenter Kritik im Bundestag hervor. Nicht nur die Opposition ist unzufrieden.Hubertus Heil versucht die Richtung gleich … [+4797 chars],,de,'Einsamkeit'
https://www.sueddeutsche.de/projekte/artikel/politik/sz-weekender-lesegeschichten-e370246/,https://www.sueddeutsche.de/projekte/artikel/politik/sz-weekender-lesegeschichten-e370246/,0,www.sueddeutsche.de,"SZ Weekender: Orte der Einsamkeit, Orte der Liebe","Das Dorf am Ende einer Treppe. Ein Leben als Ironman. Die Frage, wie nah liegen Irrsinn und Schönheit eigentlich zusammen? Und mehr. Zehn Geschichten für ein schönes Wochenende.","https://www.sueddeutsche.de/projekte/artikel/politik/sz-weekender-lesegeschichten-e370246/5fbcb99ae4e0dd2ee417e6c75f35aaa9d91b9dc271fc88fc8a198e725210d269_w2400_h1256_r146,0,2048,1072_q70.jpg",2023-09-08T16:14:56Z,https://web.archive.org/web/20230909111249/https://www.sueddeutsche.de/projekte/artikel/politik/sz-weekender-lesegeschichten-e370246/,"Futoshiki ist japanisch und bedeutet wörtlich übersetzt ""ungleich"". Denn Sie müssen Zahlen nicht nur ohne Wiederholung im Quadrat anordnen, sondern auf weitere Schwierigkeiten achten. Viel Spaß beim … [+29 chars]",,de,'Einsamkeit'
https://www.tagesspiegel.de/liga-der-berliner-wohlfahrtsverbande-warnungen-wegen-kurzungen-bei-obdachlosenhilfe-10440889.html,https://www.tagesspiegel.de/liga-der-berliner-wohlfahrtsverbande-warnungen-wegen-kurzungen-bei-obdachlosenhilfe-10440889.html,0,www.tagesspiegel.de,Liga der Berliner Wohlfahrtsverbände: Warnungen wegen Kürzungen bei Obdachlosenhilfe,"Die Liga der Wohlfahrtsverbände warnt vor Kürzungen bei Obdach- und Wohnungslosenhilfen. Es seien Einsparungen von rund 1,5 Millionen Euro vorgesehen.",https://www.tagesspiegel.de/images/obdachlose-zempel-ein-obdachloser-schlaeft-auf-einer-bank-am-bahnhof-alexanderplatz-in-berlin-am-1-dezember-2022-armut-in-berlin-a-h/alternates/BASE_16_9_W1400/obdachlose-zempel-ein-obdachloser-schlaeft-auf-einer-bank-am-bahnhof-alexanderplatz-in-berlin-am-1-dezember-2022-armut-in-berlin--a-h.jpeg,2023-09-08T17:41:57Z,https://web.archive.org/web/20230909031725/https://www.tagesspiegel.de/liga-der-berliner-wohlfahrtsverbande-warnungen-wegen-kurzungen-bei-obdachlosenhilfe-10440889.html,"Die Liga der Berliner Wohlfahrtsverbände warnt vor Kürzungen des Senats bei der Gesundheitsversorgung Obdach- und Wohnungsloser. Laut dem Haushaltsentwurf für den Bereich Gesundheit seien massive, fi… [+1831 chars]",,de,'Obdachlosenhilfe'
https://www.brigitte.de/liebe/beziehung/laut-studie--hilft-gesellschaft-gegen-einsamkeit--13586004.html,https://www.brigitte.de/liebe/beziehung/laut-studie--hilft-gesellschaft-gegen-einsamkeit--13586004.html,0,www.brigitte.de,Laut Studie: Warum dir Gesellschaft nicht gegen Einsamkeit hilft,"Hilft es, sich mit Freund:innen zu treffen, wenn wir uns einsam fühlen? Nicht unbedingt, wie eine neue Studie zu zeigen scheint. Wir erklären, was die Forschenden herausgefunden haben.",https://image.brigitte.de/13586010/t/DI/v1/w1440/r1.7778/-/frau-schlaflos-in-bett.jpg,2023-09-11T11:00:00Z,,"Hilft es, sich mit Freund:innen zu treffen, wenn wir uns einsam fühlen? Nicht unbedingt, wie eine neue Studie zu zeigen scheint. Wir erklären, was die Forschenden herausgefunden haben.
Wenn wir uns … [+4556 chars]",,de,'Einsamkeit'
https://www.stern.de/gesellschaft/glueck-in-der-wildnis--happiness-coach-mikaela-creutz-im-interview-33757044.html,https://www.stern.de/gesellschaft/glueck-in-der-wildnis--happiness-coach-mikaela-creutz-im-interview-33757044.html,0,www.stern.de,"Finnland : ""Ich verbringe mehrere Wochen im Jahr alleine in der Wildnis"": Happiness-Coach über Glück, Einsamkeit und die Natur","Die Finnen sind das glücklichste Volk der Welt – das liegt vor allem an ihrem Zugang zur Natur, sagt Happiness-Coach Mikaela Creutz. Sie verbringt mehrere Wochen im Jahr in der Wildnis, alleine, mitten im Wald und bei minus 30 Grad. Was ist ihr Schlüssel zum …",https://image.stern.de/33757150/t/fH/v2/w1440/r1.7778/-/mikaela-creutz.jpg,2023-09-11T12:29:00Z,https://web.archive.org/web/20230911131508/https://www.stern.de/gesellschaft/glueck-in-der-wildnis--happiness-coach-mikaela-creutz-im-interview-33757044.html,"Frau Creutz, was bedeutet Glück für Sie?Die Natur sie spendet Kraft, Erholung und ist der Schlüssel für unser Wohlbefinden. Unser Leben ist künstlich erschaffen und voll von Ablenkungen, die um unser… [+5919 chars]",,de,'Einsamkeit'
https://www.morgenpost.de/politik/inland/article239433759/Anschlaege-auf-Bahnstrecken-Union-fordert-Konsequenzen.html,https://www.morgenpost.de/politik/inland/article239433759/Anschlaege-auf-Bahnstrecken-Union-fordert-Konsequenzen.html,0,www.morgenpost.de,Infrastruktur: Anschläge auf Bahnstrecken: Union fordert Konsequenzen,Vergangene Woche war der Fernverkehr auf der Bahnstrecke zwischen Hamburg und Berlin wegen mutmaßlicher Anschläge beeinträchtigt. Jetzt wird ein Konzept für den Schutz der Verkehrsinfrastruktur gefordert.,https://img.morgenpost.de/img/inland/crop239433755/6792604505-w820-cv16_9-q85/Braende-in-Kabelschaechten.jpg,2023-09-12T10:27:34Z,,"Berlin. Die Union hat die Bundesregierung nach den mutmaßlichen Anschlägen auf die Bahn-Infrastruktur zum Handeln aufgefordert. Unionsfraktionsvize Ulrich Lange (CSU) sagte, der Brandanschlag auf die… [+1796 chars]",,de,'Verkehrsinfrastruktur'
https://www.stern.de/politik/deutschland/infrastruktur--anschlaege-auf-bahnstrecken--union-fordert-konsequenzen-33818128.html,https://www.stern.de/politik/deutschland/infrastruktur--anschlaege-auf-bahnstrecken--union-fordert-konsequenzen-33818128.html,0,www.stern.de,Infrastruktur: Anschläge auf Bahnstrecken: Union fordert Konsequenzen,Vergangene Woche war der Fernverkehr auf der Bahnstrecke zwischen Hamburg und Berlin wegen mutmaßlicher Anschläge beeinträchtigt. Jetzt wird ein Konzept für den Schutz der Verkehrsinfrastruktur gefordert.,https://image.stern.de/33818130/t/iQ/v1/w1440/r1.7778/-/12--urnnewsmldpacom2009010123091299165281v3w800h600l517t517r1797b1367jpeg---303c22bd995181f6.jpg,2023-09-12T10:27:34Z,,Vergangene Woche war der Fernverkehr auf der Bahnstrecke zwischen Hamburg und Berlin wegen mutmaßlicher Anschläge beeinträchtigt. Jetzt wird ein Konzept für den Schutz der Verkehrsinfrastruktur gefor… [+1861 chars],,de,'Verkehrsinfrastruktur'
https://www.tagesspiegel.de/kultur/aki-kaurismakis-liebesdrama-fallende-blatter-lebewohl-an-die-einsamkeit-10450573.html,https://www.tagesspiegel.de/kultur/aki-kaurismakis-liebesdrama-fallende-blatter-lebewohl-an-die-einsamkeit-10450573.html,0,www.tagesspiegel.de,Aki Kaurismäkis Liebesdrama „Fallende Blätter“: Lebewohl an die Einsamkeit,Und noch ein letzter Film vom finnischen Meisterregisseur: Aki Kaurismäki bringt in „Fallende Blätter“ zwei verlorene Menschen zusammen.,https://www.tagesspiegel.de/images/alma-poysti-und-jussi-vatanen-in-fallende-blatter-von-aki-kaurismaki/alternates/BASE_16_9_W1400/alma-poeysti-und-jussi-vatanen-in-fallende-blaetter-von-aki-kaurismaeki.jpeg,2023-09-12T16:42:36Z,,"Die Menschen im Kino von Aki Kaurismäki mögen die Einsamkeit. Ihr Leben steht schon lange still, und dann sagen sie der Einsamkeit auf je eigene schweigsame Weise doch Lebewohl. Die Supermarktkassier… [+6312 chars]",,de,'Einsamkeit'
https://www.stern.de/gesellschaft/regional/mecklenburg-vorpommern/schifffahrt--umweltverbaende-fordern-mehr-kooperation-der-haefen-33822002.html,https://www.stern.de/gesellschaft/regional/mecklenburg-vorpommern/schifffahrt--umweltverbaende-fordern-mehr-kooperation-der-haefen-33822002.html,0,www.stern.de,Schifffahrt: Umweltverbände fordern mehr Kooperation der Häfen,"Umweltverbände erhoffen sich von der Nationalen Maritimen Konferenz (NMK) mehr Kooperation der deutschen Häfen. ""Wir fordern die Akteure auf, jetzt die Transformation der Häfen als Chance zu nutzen, um die Verkehrsinfrastruktur, die Flächenplanung sowie die n…",https://image.stern.de/6681672/t/31/v5/w1440/r1.7778/-/video-fallback-image.jpg,2023-09-13T10:38:24Z,,"Umweltverbände erhoffen sich von der Nationalen Maritimen Konferenz (NMK) mehr Kooperation der deutschen Häfen. ""Wir fordern die Akteure auf, jetzt die Transformation der Häfen als Chance zu nutzen, … [+1705 chars]",,de,'Verkehrsinfrastruktur'
https://www.stern.de/gesundheit/psychologie/einsamkeit--enge---macht-das-leben-in-der-grossstadt-psychisch-krank--33817494.html,https://www.stern.de/gesundheit/psychologie/einsamkeit--enge---macht-das-leben-in-der-grossstadt-psychisch-krank--33817494.html,0,www.stern.de,"Stressforscher und Psychiater: Einsamkeit, Isolation, Enge – macht das Leben in der Großstadt psychisch krank?","Theater, Museen, Cafés und Clubs: Die Großstadt bietet unzählige Vorteile. Doch ihre Bewohner haben auch ein höheres Risiko, psychisch krank zu werden. Warum das so ist, untersucht Psychiater Mazda Aldi aktuell in Berlin.",https://image.stern.de/33818350/t/WE/v2/w1440/r1.7778/-/einsamkeit-bild-grossstadt-psychische-krankheiten.jpg,2023-09-14T18:53:00Z,,"Der Psychiater und Stressforscher Professor Mazda Adli ist selbst ein überzeugter Großstädter. Der gebürtige Kölner hat bereits in den Metropolen Teheran, San Francisco, Wien und Paris gelebt. Das ha… [+319 chars]",,de,'Einsamkeit'
https://www.morgenpost.de/kolumne/nachtgestalten/article239505047/obdachlosenhilfe-gibt-auch-erfolgsgeschichten.html,https://www.morgenpost.de/kolumne/nachtgestalten/article239505047/obdachlosenhilfe-gibt-auch-erfolgsgeschichten.html,0,www.morgenpost.de,Nachtgestalten: Obdachlosenhilfe: Es gibt auch Erfolgsgeschichten,"So unlösbar das Elend auf der Straße oft wirkt - vielen Betroffenen kann geholfen werden. Wie Harri, Hans und Lothar.",https://img.morgenpost.de/img/nachtgestalten/crop239505045/8742602324-w820-cv16_9-q85/2e845b16-5203-11ee-a55d-4d773419e000.jpg,2023-09-15T07:50:00Z,,Finden obdachlose Menschen den Weg in ein bürgerliches Leben? Das werde ich oft gefragt. 13 Jahre habe ich mit meiner Kollegin Claudia im Betreuten Wohnen der Berliner Stadtmission am Chamissoplatz i… [+3849 chars],,de,'Obdachlosenhilfe'
https://www.bild.de/ratgeber/2023/ratgeber/stress-im-arbeitsalltag-40-prozent-leiden-unter-trennung-von-ihrem-tier-85429940.bild.html,https://www.bild.de/ratgeber/2023/ratgeber/stress-im-arbeitsalltag-40-prozent-leiden-unter-trennung-von-ihrem-tier-85429940.bild.html,0,www.bild.de,Stress im Arbeitsalltag - 40 Prozent leiden unter Trennung von ihrem Tier,"Viele Halter würden auf Gehalt verzichten, um mehr Zeit mit ihrem Tier zu verbringen. Ein großer Teil spürt Trennungsangst und Einsamkeit im Arbeitsalltag.","https://images.bild.de/65059b0b740d453f0b0ae718/a7a23512d8a43f9f4495b9bb5f2684c4,35d8164c?w=1280",2023-09-16T15:19:43Z,,"Für wen die Trennung wohl schlimmer ist? Leiden Hund, Katze oder Vogel mehr, wenn Herrchen oder Frauchen ins Büro müssen? Oder sind es die Besitzer?
Eine 
aktuelle Umfrage unter 2000 US-Amerikanern… [+1212 chars]",,de,'Einsamkeit'
https://www.faz.net/aktuell/feuilleton/debatten/italiens-regierung-und-ihre-gegner-ein-gespraech-mit-roberto-saviano-19174942.html,https://www.faz.net/aktuell/feuilleton/debatten/italiens-regierung-und-ihre-gegner-ein-gespraech-mit-roberto-saviano-19174942.html,0,www.faz.net,Italiens Regierung und ihre Gegner: Ein Gespräch mit Roberto Saviano,"Die Mafia bedroht den Journalisten Roberto Saviano seit 17 Jahren. Ein Gespräch über Einsamkeit, Freundschaft und darüber, wie  die Regierung Meloni versucht, kritische Stimmen zum Schweigen zu bringen.",https://media0.faz.net/ppmedia/aktuell/3718164038/1.9104984/facebook_teaser_fplus/roberto-saviano-traegt-bei-der.jpg,2023-09-17T06:22:14Z,,"Roberto Saviano trägt bei der Beerdigung am 12. August in Rom den Sarg seiner Freundin Michela Murgia Bild: Picture Alliance
Die Mafia bedroht den Journalisten Roberto Saviano seit 17 Jahren. Ein Ge… [+1471 chars]",,de,'Einsamkeit'
https://www.stern.de/gesellschaft/regional/rheinland-pfalz-saarland/energie--forderung-nach-heizkostenhilfen-auch-im-kommenden-winter-33834860.html,https://www.stern.de/gesellschaft/regional/rheinland-pfalz-saarland/energie--forderung-nach-heizkostenhilfen-auch-im-kommenden-winter-33834860.html,0,www.stern.de,Energie: Forderung nach Heizkostenhilfen auch im kommenden Winter,"Hohe Energiekosten werden auch im kommenden Winter erwartet. Die finanzielle Unterstützung des Staates sollte deswegen nicht weniger werden, sondern nach Ansicht von Sozialminister Schweitzer noch für mehr Menschen mit wenig Geld möglich sein.",https://image.stern.de/33834862/t/WC/v1/w1440/r1.7778/-/18--urnnewsmldpacom2009010123091899233140v3w800h600l640t425r1920b1278jpeg---463cdd5e2ffdc286.jpg,2023-09-18T03:43:58Z,,"Hohe Energiekosten werden auch im kommenden Winter erwartet. Die finanzielle Unterstützung des Staates sollte deswegen nicht weniger werden, sondern nach Ansicht von Sozialminister Schweitzer noch fü… [+4495 chars]",,de,'Heizkosten'
https://www.focus.de/deals/shopping-deal-mit-focus-online-der-herbst-naht-sichern-sie-sich-das-tado-smartes-heizkoerper-thermostat-fuer-99-95-euro_id_206301385.html,https://www.focus.de/deals/shopping-deal-mit-focus-online-der-herbst-naht-sichern-sie-sich-das-tado-smartes-heizkoerper-thermostat-fuer-99-95-euro_id_206301385.html,0,www.focus.de,"Shopping-Deal mit FOCUS online - So sparen Sie Heizkosten: Smartes Heizkörper-Thermostat für 99,95 Euro","Kaum steht der Herbst vor der Tür, stellt sich wieder die Frage: Wann und wieviel heizen? Mit dem appgesteuerten tado° Heizkörper-Thermostat steuern Sie ganz intelligent die Heizleistung und können somit viel Geld sparen. Mit dem Rabattcode „FOCUS“ sparen Sie…",https://p6.focus.de/img/fotos/id_206325938/heizsystem-normal.png?im=Crop%3D%2886%2C0%2C1028%2C514%29%3BResize%3D%281200%2C627%29&impolicy=perceptual&quality=high&hash=b34f94b8cfdab788423dcfcfda8f3d9b46abdf857d2150ec6623c3b21e41aca5,2023-09-18T06:01:41Z,,"<ul><li>
Kommentare</li><li>
E-Mail</li><li>
Teilen</li><li>
Mehr</li><li>
Twitter</li><li>
Drucken</li><li>
Feedback</li><li>
Fehler meldenSie haben einen Fehler gefunden?
Bitte markieren S… [+5328 chars]",,de,'Heizkosten'
https://www.tagesspiegel.de/kultur/berlin-konzert-von-arlo-parks-gemeinsam-gegen-die-emotionalen-zumutungen-10484674.html,https://www.tagesspiegel.de/kultur/berlin-konzert-von-arlo-parks-gemeinsam-gegen-die-emotionalen-zumutungen-10484674.html,0,www.tagesspiegel.de,Berlin-Konzert von Arlo Parks : Gemeinsam die emotionalen Zumutungen bewältigen,Der britische Popstar Arlo Parks kommt für einen Auftritt nach Deutschland. Niemand schreibt im Moment so schöne Lieder über Einsamkeit und die „Super Sad Generation“.,https://www.tagesspiegel.de/images/anais-oluwatoyin-estelle-marinho-alias-arlo-parks-bei-einem-konzert-im-huxleys-neue-welt-in-berlin-17-september-2023/alternates/BASE_16_9_W1400/anais-oluwatoyin-estelle-marinho-alias-arlo-parks-bei-einem-konzert-im-huxleys-neue-welt-in-berlin-17-september-2023.jpeg,2023-09-18T12:24:34Z,,"Was macht einen großen Popstar zur Stimme einer Generation? Haltung schadet heutzutage sicher nicht, erzeugt allein aber noch keine Verbundenheit. Niemand schätzt etwa eine Beyoncé als nahbare Repräs… [+4962 chars]",,de,'Einsamkeit'
https://www.stern.de/reise/europa/la-sambuy--franzoesisches-skigebiet-stellt-den-betrieb-vor-saisonstart-ein-33839040.html,https://www.stern.de/reise/europa/la-sambuy--franzoesisches-skigebiet-stellt-den-betrieb-vor-saisonstart-ein-33839040.html,0,www.stern.de,Klimawandel: Französisches Skigebiet stellt den Betrieb vor Saisonstart ein,Es ist längst kein Geheimnis mehr: Der Klimawandel bedroht die Existenz von Skigebieten. In den französischen Alpen gibt ein Wintersportgebiet nun den Betrieb komplett auf.,https://image.stern.de/33839042/t/_P/v2/w1440/r1.7778/-/skigebioet.jpg,2023-09-19T13:35:00Z,,"Die Prognosen für den Skitourismus sind schlecht, die Klimakrise bedroht die Existenz zahlreicher Skibetreiber in ganz Europa. Der Grund: es fehlt an Schnee. Das beliebte Skigebiet La Sambuy in den f… [+2195 chars]",,de,'Skisaison'
https://www.zeit.de/2023/40/sozialleistungen-arbeit-steuern-buergergeld,https://www.zeit.de/2023/40/sozialleistungen-arbeit-steuern-buergergeld,0,www.zeit.de,Sozialleistungen: Lohnt sich Arbeit?,"Arbeitslose bekommen mehr Bürgergeld und dazu die Miete und Heizkosten bezahlt. Ein Institut hat erstmals berechnet, ob sie dadurch mehr Geld als Geringverdiener haben.",,2023-09-20T15:10:03Z,,"When browsing with ads:
We collect personal data and also transmit it to third-party providers
 that help us improve and finance our digital content. Some of the information stored on your device, … [+821 chars]",,de,'Heizkosten'
https://www.stern.de/gesellschaft/kinderarmut-nimmt-zu---immer-mehr-schueler-ohne-maeppchen-und-pausenbrot-33843702.html,https://www.stern.de/gesellschaft/kinderarmut-nimmt-zu---immer-mehr-schueler-ohne-maeppchen-und-pausenbrot-33843702.html,0,www.stern.de,"Deutsches Schulbarometer: Kein Mäppchen, kein Pausenbrot – Kinderarmut ist besonders in den Klassenzimmen spürbar","Kinder und Jugendliche sind in Deutschland stark von Kinderarmut bedroht. Deutlich wird das vor allem im Klassenraum. Und die Geldsorgen der Eltern gehen an den Jungen und Mädchen nicht einfach so vorbei, zeigt eine neue Studie.",https://image.stern.de/33843704/t/wr/v1/w1440/r1.7778/-/kinderarmut-kinder-schule.jpg,2023-09-20T15:13:00Z,,Kinder und Jugendliche sind in Deutschland stark von Kinderarmut bedroht. Deutlich wird das vor allem im Klassenraum. Und die Geldsorgen der Eltern gehen an den Jungen und Mädchen nicht einfach so vo… [+5418 chars],,de,'Geldsorgen'
https://www.brigitte.de/gesund/gesundheit/psychologie--4-dinge--die-schmerzhafter-werden--je-laenger-wir-sie-ignorieren-13591700.html,https://www.brigitte.de/gesund/gesundheit/psychologie--4-dinge--die-schmerzhafter-werden--je-laenger-wir-sie-ignorieren-13591700.html,0,www.brigitte.de,"Den Druck nehmen: Um diese Dinge sollten wir uns kümmern, bevor sie zu schmerzhaft werden","Eine zu lang verschleppte Erkältung kann uns ewig auf Sparflamme brennen lassen; Geldsorgen, Zeitdruck oder andere alltägliche Probleme können Stress auslösen, wenn wir uns nicht um sie kümmern. Bei einigen Dingen gilt: lieber früher als später. Wir haben ein…",https://image.brigitte.de/13591704/t/xe/v1/w1440/r1.7778/-/illustration-frau-mit-zu-vielen-gedanken.jpg,2023-09-20T17:00:00Z,,"Eine zu lang verschleppte Erkältung kann uns ewig auf Sparflamme brennen lassen; Geldsorgen, Zeitdruck oder andere alltägliche Probleme können Stress auslösen, wenn wir uns nicht um sie kümmern. Bei … [+5060 chars]",,de,'Geldsorgen'
https://oe3.orf.at/stories/3036208/,https://oe3.orf.at/stories/3036208/,0,oe3.orf.at,Tamara Tippler ist Mama geworden,"<ul><li>Die letzte Skisaison hat schon verfrüht aufgrund des Mutterschutzes geendet, jetzt ist die kleine Mia da!</li><li>In ihrer Instagram-Story hat Tamara Tippler die Geburt ihrer Tochter angekündigt.</li></ul>",https://tubestatic.orf.at/static/images/site/tube/20230938/tamara-tippler.6002611.jpg,2023-09-21T05:32:00Z,,"<ul><li>Die letzte Skisaison hat schon verfrüht aufgrund des Mutterschutzes geendet, jetzt ist die kleine Mia da!</li><li>In ihrer Instagram-Story hat Tamara Tippler die Geburt ihrer Tochter angekünd… [+503 chars]",,de,'Skisaison'
https://www.focus.de/gesundheit/ratgeber/winterdepression/winterdepression-oder-winterblues-wie-man-eine-winterdepression-erkennt-symptome-und-anzeichen-erklaert_id_916ff08e-68d4-4fd8-a1ef-4823e51d5041.html,https://www.focus.de/gesundheit/ratgeber/winterdepression/winterdepression-oder-winterblues-wie-man-eine-winterdepression-erkennt-symptome-und-anzeichen-erklaert_id_916ff08e-68d4-4fd8-a1ef-4823e51d5041.html,0,www.focus.de,Winterdepression oder Winterblues? - Wie man eine Winterdepression erkennt: Symptome und Anzeichen erklärt,"Fühlen Sie sich in den Wintermonaten oft niedergeschlagen und antriebslos? Könnte es sich dabei um eine Winterdepression handeln? In diesem Artikel erfahren Sie, woran Sie eine Winterdepression erkennen und wann Sie einen Arzt aufsuchen sollten.",https://ctf-vibe-images-production-eu-central-1.s3.eu-central-1.amazonaws.com/56734add-ece8-49a5-94e4-dce0d14f48b5.07a19230-8ea6-49b3-b02f-22371d0d6776.png,2023-09-21T09:36:10Z,,"Was ist eine Winterdepression?  
Eine Winterdepression, auch bekannt als saisonale abhängige Depression (SAD), ist eine Form der Depression, die in der dunklen Jahreszeit auftritt. Die Symptome sind… [+2102 chars]",,de,'Winterdepression'
https://www.focus.de/gesundheit/ratgeber/winterdepression/fuehlen-sie-sich-in-den-wintermonaten-oft-niedergeschlagen-und-antriebslos-dies-koennte-auf-eine-winterdepression-hindeuten-erfahren-sie-in-diesem-artikel-mehr-ueber-die-ursachen-der-winterdepression-ursachen-der-winterdepression-warum-die-dunkle-jahreszeit-uns-runterzieht_id_208724af-72ab-4c59-94e5-7a4ec591e074.html,https://www.focus.de/gesundheit/ratgeber/winterdepression/fuehlen-sie-sich-in-den-wintermonaten-oft-niedergeschlagen-und-antriebslos-dies-koennte-auf-eine-winterdepression-hindeuten-erfahren-sie-in-diesem-artikel-mehr-ueber-die-ursachen-der-winterdepression-ursachen-der-winterdepression-warum-die-dunkle-jahreszeit-uns-runterzieht_id_208724af-72ab-4c59-94e5-7a4ec591e074.html,0,www.focus.de,Wenn der Winter depressiv macht - Ursachen der Winterdepression: Warum die dunkle Jahreszeit uns runterzieht,Fühlen Sie sich in den Wintermonaten oft niedergeschlagen und antriebslos? Dies könnte auf eine Winterdepression hindeuten. Erfahren Sie in diesem Artikel mehr über die Ursachen der Winterdepression.,https://ctf-vibe-images-production-eu-central-1.s3.eu-central-1.amazonaws.com/ba528f7c-2f81-4363-a815-745cbf0a68a6.cf0418ba-abf7-4d00-bb6a-c637ccad79b6.png,2023-09-21T09:37:01Z,,"Was ist eine Winterdepression und wie entsteht sie? 
Die Winterdepression, auch saisonal abhängige Depression (SAD) genannt, ist eine Form der Depression, die in den dunklen Monaten des Jahres auftr… [+3178 chars]",,de,'Winterdepression'
https://www.tagesspiegel.de/berlin/berliner-wirtschaft/hausbesuche-mit-hund-berliner-senat-unterstutzt-angebot-fur-pflegebedurftige-10492543.html,https://www.tagesspiegel.de/berlin/berliner-wirtschaft/hausbesuche-mit-hund-berliner-senat-unterstutzt-angebot-fur-pflegebedurftige-10492543.html,0,www.tagesspiegel.de,Hausbesuche mit Hund: Berliner Senat unterstützt Angebot für Pflegebedürftige,Viele Pflegebedürftige in der Hauptstadt leiden unter Einsamkeit. Die Malteser kommen mit einem Hund zu ihnen nach Hause. Der Vierbeiner sollen sie aktivieren.,https://www.tagesspiegel.de/berlin/berliner-wirtschaft/images/nadin-reimann-mit-ihrem-hund-bei-einem-hausbesuch/alternates/BASE_16_9_W1400/nadin-reimann-mit-ihrem-hund-bei-einem-hausbesuch.jpeg,2023-09-21T13:19:51Z,,Menschen mit einem Pflegegrad können sich in Berlin seit diesem Jahr von Ehrenamtlichen der Malteser mit einem Hund besuchen lassen. Die Kosten in Höhe von 20 Euro übernimmt die Pflegekasse. Die Sena… [+2538 chars],,de,'Einsamkeit'
https://www.focus.de/finanzen/gaspreis-landtagswahlen-heizkostenzuschuss-die-wichtigsten-aenderungen-ab-oktober-2023_id_208151929.html,https://www.focus.de/finanzen/gaspreis-landtagswahlen-heizkostenzuschuss-die-wichtigsten-aenderungen-ab-oktober-2023_id_208151929.html,0,www.focus.de,"Gaspreis, Landtagswahlen, Heizkostenzuschuss - Die wichtigsten Änderungen ab Oktober 2023","Der Oktober 2023 bringt eine Vielzahl von Änderungen mit sich. Während die Gaspreise sinken, stehen in Hessen und Bayern Landtagswahlen bevor. Die wichtigsten Änderungen im Überblick.",https://p6.focus.de/img/fotos/id_208164251/aenderungen-ab-oktober-2023.jpg?im=Crop%3D%2822%2C0%2C566%2C283%29%3BResize%3D%281200%2C627%29&impolicy=perceptual&quality=mediumHigh&hash=f13cb703d9003cba166c079649208ebf3f7159cc0a80482c5c3950eacdc77555,2023-09-22T08:09:01Z,,"Der Oktober 2023 bringt eine Vielzahl von Änderungen mit sich. Während die Gaspreise sinken, stehen in Hessen und Bayern Landtagswahlen bevor. Die wichtigsten Änderungen im Überblick.Mit dem Herbst z… [+3934 chars]",,de,'Heizkosten'
https://vorarlberg.orf.at/stories/3225286/,https://vorarlberg.orf.at/stories/3225286/,0,vorarlberg.orf.at,Klimastudie: Kunstschnee gegen kürzere Winter,"Aktuelle Studien der Vorarlberger Bergbahnen und von GeoSphere Austria untersuchen die Auswirkungen des Klimawandels auf den Wintersport in den Alpen. Die Ergebnisse zeigten, dass Skifahren in Vorarlberg dank künstlicher Beschneiung langfristig möglich bleibt…",https://ibs.orf.at/vbg?image=https%3A%2F%2Foekastatic.orf.at%2Fmims%2F2023%2F15%2F99%2Fcrops%2Fw%3D1200%2Ch%3D627%2Cq%3D75%2F1752414_master_649899_a1.jpg%3Fs%3D4a1602c383c54ccf91633fa6eca4f4cc358ee5fb,2023-09-22T11:15:55Z,,"Skifahren wird in Vorarlberg trotz des Klimawandels bis 2050 in mittleren und höheren Lagen weiter möglich sein, wenn die Anstrengungen beim Klimaschutz fortgesetzt werden. Das ist das Ergebnis einer… [+3837 chars]",,de,'Wintersport'
https://www.tagesspiegel.de/wissen/chronische-erkrankung-und-pandemie-studie-sieht-nachteile-fur-die-psychische-gesundheit-10512529.html,https://www.tagesspiegel.de/wissen/chronische-erkrankung-und-pandemie-studie-sieht-nachteile-fur-die-psychische-gesundheit-10512529.html,0,www.tagesspiegel.de,Chronische Erkrankung und Pandemie: Studie sieht Nachteile für die psychische Gesundheit,"Kanadische Forschende haben herausgefunden, dass ältere Erwachsene mit einer chronischen Lungenerkrankung in der Corona-Pandemie ein erhöhtes Risiko für Depressionen hatten. Einsamkeit, Konflikte und eingeschränkte körperliche Aktivität spielten dabei eine Ro…",https://www.tagesspiegel.de/images/when-did-the-days-become-so-grey-shot-of-a-senior-woman-with-a-cane-looking-thoughtfully-out-of-a-window-at-home-shot/alternates/BASE_16_9_W1400/when-did-the-days-become-so-grey-shot-of-a-senior-woman-with-a-cane-looking-thoughtfully-out-of-a-window-at-home-shot.jpeg,2023-09-22T15:02:09Z,,Kanadische Forschende haben in einer neuen Längsschnittstudie die psychischen Belastungen der Pandemie Covid-19 aufgezeigt. Die im International Journal of Chronic Obstructive Pulmonary Disease veröf… [+2894 chars],,de,'Einsamkeit'
https://www.nzz.ch/panorama/wintereinbruch-in-den-schweizer-bergen-schneefallgrenze-gesunken-ld.1757654,https://www.nzz.ch/panorama/wintereinbruch-in-den-schweizer-bergen-schneefallgrenze-gesunken-ld.1757654,0,www.nzz.ch,"Wintereinbruch in den Bergen, Furkapass ist gesperrt – doch es wird noch einmal spätsommerlich warm","Die Schneefallgrenze ist punktuell auf unter 2000 Meter gesunken, doch für Schal und Mütze ist es zumindest in tieferen Lagen zu früh.","https://img.nzz.ch/2023/09/23/2894af92-d310-4e7e-a9a0-27ea7d4801d6.jpeg?width=1200&height=675&fit=bound&quality=75&auto=webp&crop=3024,1701,x0,y1166&wmark=nzz",2023-09-23T12:16:06Z,,"Ein Autofahrer kam im Kanton Uri von der schneebedeckten Strasse ab.
Pünktlich zum astronomischen Herbstanfang hat sich der Schnee zurückgemeldet und für erste Probleme auf den Strassen gesorgt. Am … [+960 chars]",,de,'Wintereinbruch'
https://www.jungewelt.de/artikel/459745.theater-von-einsamkeit-und-sehnsucht.html,https://www.jungewelt.de/artikel/459745.theater-von-einsamkeit-und-sehnsucht.html,0,www.jungewelt.de,Theater: Von Einsamkeit und Sehnsucht,»Mein Name sei Gantenbein« – Solo für Matthias Brandt am Berliner Ensemble • Foto: Matthias Horn,https://www.jungewelt.de/img/1100/185699.jpg,2023-09-24T17:35:40Z,,"Ausgerechnet auf dieser Bank am Dorotheenstädtischen Friedhof, wenige Meter entfernt von Brechts Grabstätte, zusammenzubrechen, eventuell mit großem Tamtam und Tatütata abtransportiert zu werden, hät… [+4722 chars]",,de,'Einsamkeit'
https://www.stern.de/wirtschaft/energiesparen-im-alltag--das-sind-die-besten-tipps--33856206.html,https://www.stern.de/wirtschaft/energiesparen-im-alltag--das-sind-die-besten-tipps--33856206.html,0,www.stern.de,Tipps und Tricks: Energiesparen im Alltag: So schonen Sie Ihren Geldbeutel,"Strom und Heizkosten sind hoch – ebenfalls die Angst vor leeren Energiespeichern. Die Nation steckt in einer Krise. ""Die beste Energie ist die, die wir gar nicht erst verbrauchen"", heißt es auf der Website der Bundesregierung. Weiter: Jeder könne etwas dazu b…",https://image.stern.de/33096688/t/7q/v2/w1440/r1.7778/-/energiesparen.jpg,2023-09-25T06:45:00Z,,"Um eine Notsituation beim Energieversorger entgegenzuwirken, sollte auf jede unnötige Kilowattstunde verzichtet werden. Die Bundesregierung hat bereits im vergangenen Jahr verschiedene Energiesparmaß… [+3791 chars]",,de,'Heizkosten'
https://www.faz.net/aktuell/feuilleton/kunstmarkt/auktion-in-paris-gerard-depardieus-kunstsammlung-19193606.html,https://www.faz.net/aktuell/feuilleton/kunstmarkt/auktion-in-paris-gerard-depardieus-kunstsammlung-19193606.html,0,www.faz.net,Gérard Depardieus Kunstsammlung wird versteigert,"Einst garantierte sein Name Erfolg, dann katapultierten ihn seine Exzesse in die Einsamkeit. Jetzt wird Gérard Depardieus Kunstsammlung im Pariser Drouot versteigert.",https://media0.faz.net/ppmedia/aktuell/feuilleton/kunstmarkt/2261956089/1.9193600/facebook_teaser/gerard-depardieu-2017-bei.jpg,2023-09-25T09:48:46Z,,"Lange Zeit hat man in Frankreich Gérard Depardieus ausschweifendes Leben entschuldigend als Serie von Kavaliersdelikten abgetan. Er trieb es zwar oft ein bisschen zu weit mit den Verkehrsunfällen, di… [+4773 chars]",,de,'Einsamkeit'
https://www.diepresse.com/17700517/hohe-inflation-dominiert-die-aengste-der-oesterreicher,https://www.diepresse.com/17700517/hohe-inflation-dominiert-die-aengste-der-oesterreicher,0,www.diepresse.com,Hohe Inflation dominiert die Ängste der Österreicher,"Geldsorgen liegen einer aktuellen Umfrage zufolge teils weit vor Bereichen wie Gesundheit, Ukraine-Krieg und Klimawandel. Auch in anderen Bereichen sei die Besorgnis recht hoch.",https://img.diepresse.com/public/incoming/bgavx0-kein-Titel/alternates/DPR_SOCIAL_NACHRICHTEN/%28kein%20Titel%29,2023-09-25T13:31:48Z,,"Geldsorgen liegen einer aktuellen Umfrage zufolge teils weit vor Bereichen wie Gesundheit, Ukraine-Krieg und Klimawandel. Auch in anderen Bereichen sei die Besorgnis recht hoch.
Die Sorgen rund um d… [+2493 chars]",,de,'Geldsorgen'
https://www.tagesspiegel.de/wirtschaft/preisanstieg-um-bis-zu-81-prozent-deutsche-haushalte-zahlen-drastisch-hohere-heizkosten-10528978.html,https://www.tagesspiegel.de/wirtschaft/preisanstieg-um-bis-zu-81-prozent-deutsche-haushalte-zahlen-drastisch-hohere-heizkosten-10528978.html,0,www.tagesspiegel.de,Preisanstieg um bis zu 81 Prozent: Deutsche Haushalte zahlen drastisch höhere Heizkosten,"Die Heizkosten in Deutschland haben im Jahr 2022 dramatisch zugelegt. Besonders betroffen sind Haushalte, die mit Gas oder Holzpellets heizen.",https://www.tagesspiegel.de/images/olheizung1/alternates/BASE_16_9_W1400/oelheizung.jpeg,2023-09-26T08:01:23Z,,"Die Heizkosten in Deutschland sind 2022 um bis zu 81 Prozent gestiegen. Das ergibt eine Auswertung der gemeinnützigen Beratungsgesellschaft co2online, die dafür mehr als 250.000 Energie- und Heizkost… [+2061 chars]",,de,'Heizkosten'
https://www.telepolis.de/features/Von-Waermepumpen-bis-Holzpellets-Heizkosten-stiegen-2022-um-bis-zu-81-Prozent-9317572.html,https://www.telepolis.de/features/Von-Waermepumpen-bis-Holzpellets-Heizkosten-stiegen-2022-um-bis-zu-81-Prozent-9317572.html,0,www.telepolis.de,Von Wärmepumpen bis Holzpellets: Heizkosten stiegen 2022 um bis zu 81 Prozent,Heizkosten-Explosion 2022: Verbraucher spüren den Preisschock von Heizöl über Wärmepumpen bis zu Holzpellets. Warum die Preise nächstes Jahr wieder steigen.,https://heise.cloudimg.io/bound/1200x1200/q85.png-lossy-85.webp-lossy-85.foil1/_www-heise-de_/imgs/18/4/3/0/9/3/5/9/radiator-250558_1280-1654eca9c422d8c8.jpeg,2023-09-26T10:00:00Z,,"(Bild: ri, Pixabay)
Heizkosten-Explosion 2022: Verbraucher spüren den Preisschock von Heizöl über Wärmepumpen bis zu Holzpellets. Warum die Preise nächstes Jahr wieder steigen.
Die Heizkosten sind … [+3521 chars]",,de,'Heizkosten'
https://www.tagesschau.de/wirtschaft/verbraucher/heizkosten-energie-preise-winter-100.html,https://www.tagesschau.de/wirtschaft/verbraucher/heizkosten-energie-preise-winter-100.html,0,www.tagesschau.de,Drohen Verbrauchern neue Preissprünge in der neuen Heizsaison?,"Im vergangenen Jahr sind die Heizkosten dem aktuellen Heizspiegel zufolge um bis zu 81 Prozent gestiegen. Nun warnt die Energiebranche vor neuen Preissteigerungen, sollte die Politik dem nicht entgegenwirken.",https://images.tagesschau.de/image/a1b6f602-39ee-4413-b497-92b49ad26e29/AAABitDP9qo/AAABibBxqrQ/16x9-1280/heizoel-110.jpg,2023-09-26T10:23:56Z,,"Stand: 26.09.2023 12:23 Uhr
Im vergangenen Jahr sind die Heizkosten dem aktuellen Heizspiegel zufolge um bis zu 81 Prozent gestiegen. Nun warnt die Energiebranche vor neuen Preissteigerungen, sollte… [+3435 chars]",,de,'Heizkosten'
https://www.focus.de/finanzen/landtagswahlen-tierwohl-sinkende-gaspreise-8-wichtige-aenderungen-ab-oktober-2023_id_208151929.html,https://www.focus.de/finanzen/landtagswahlen-tierwohl-sinkende-gaspreise-8-wichtige-aenderungen-ab-oktober-2023_id_208151929.html,0,www.focus.de,"Landtagswahlen, Tierwohl, sinkende Gaspreise - Die wichtigsten Änderungen ab Oktober 2023","Der Oktober 2023 bringt eine Vielzahl von Änderungen mit sich. Wichtig werden die Landtagswahlen in Bayern und Hessen sowie die Frist für den Heizkostenzuschuss, die im Oktober endet. Die wichtigsten Änderungen im Überblick.",https://p6.focus.de/img/fotos/id_208164251/aenderungen-ab-oktober-2023.jpg?im=Crop%3D%2822%2C0%2C566%2C283%29%3BResize%3D%281200%2C627%29&impolicy=perceptual&quality=mediumHigh&hash=f13cb703d9003cba166c079649208ebf3f7159cc0a80482c5c3950eacdc77555,2023-09-26T10:28:07Z,,"Der Oktober 2023 bringt eine Vielzahl von Änderungen mit sich. Wichtig werden die Landtagswahlen in Bayern und Hessen sowie die Frist für den Heizkostenzuschuss, die im Oktober endet. Die wichtigsten… [+4714 chars]",,de,'Heizkosten'
https://www.stern.de/wirtschaft/immobilien/heizkosten-2023--das-zahlt-ein-haushalt-fuer-gas--oel--waermepumpe-oder-fernwaerme-33860904.html,https://www.stern.de/wirtschaft/immobilien/heizkosten-2023--das-zahlt-ein-haushalt-fuer-gas--oel--waermepumpe-oder-fernwaerme-33860904.html,0,www.stern.de,"Heizarten im Vergleich: Heizkosten 2023: Das zahlt ein Haushalt für Gas, Öl, Wärmepumpe oder Fernwärme","Im vergangenen Jahr sind die Heizkosten explodiert. 2023 gibt es etwas Entspannung, aber es bleibt teuer. Eine Auswertung zeigt, wie viel die verschiedenen Heizarten einen Musterhaushalt kosten.",https://image.stern.de/33861062/t/8H/v3/w1440/r1.7778/-/heizkosten.jpg,2023-09-26T14:53:00Z,,"Der Schock über die letzte Heizkostenabrechnung ist kaum verdaut, da steht schon die nächste Heizsaison vor der Tür. Und auch für 2023 kommen auf Haushalte hohe Heizkosten zu, wenn auch voraussichtli… [+3532 chars]",,de,'Heizkosten'
https://www.faz.net/aktuell/finanzen/nebenkostenabrechnung-heizkosten-steigen-um-bis-zu-81-prozent-19201725.html,https://www.faz.net/aktuell/finanzen/nebenkostenabrechnung-heizkosten-steigen-um-bis-zu-81-prozent-19201725.html,0,www.faz.net,Heizkosten steigen um bis zu 81 Prozent,Der Heizspiegel ist da: Je nach Heizungsanlage fallen die Abrechnungen für 2022 sehr unterschiedlich aus. Wen trifft es am härtesten?,https://media0.faz.net/ppmedia/aktuell/3855468363/1.9202844/facebook_teaser/thermostate-und-euro-scheine.jpg,2023-09-26T16:42:04Z,,"Wer als Mieter seine Nebenkostenabrechnung noch nicht bekommen hat, kann sich noch auf kräftige Nachzahlungen einstellen. Wie aus dem Heizspiegel für das zurückliegende Jahr hervorgeht, der am Dienst… [+3983 chars]",,de,'Heizkosten'
https://www.jungewelt.de/artikel/459900.energiepreiskrise-luxusgut-heizung.html,https://www.jungewelt.de/artikel/459900.energiepreiskrise-luxusgut-heizung.html,0,www.jungewelt.de,Energiepreiskrise: Luxusgut Heizung,Der »Heizspiegel« – eine Auswertung von Hunderttausenden Heizkostenabrechnungen – zeigt für das Jahr 2022 drastische Kostensteigerungen von teilweise mehr als 80 Prozent.,https://www.jungewelt.de/img/1100/185834.jpg,2023-09-26T17:38:30Z,,"Heizen hat sich im Jahr 2022 gegenüber den Vorjahren enorm verteuert mit allen Energieträgern. Wie aus dem »Heizspiegel« der Beratungsgesellschaft Co2online hervorgeht, stiegen von 2021 zu 2022 die K… [+3232 chars]",,de,'Heizkosten'
https://www.faz.net/aktuell/wirtschaft/energiepreise-so-viel-weniger-haben-haushalte-2022-weniger-geheizt-19203382.html,https://www.faz.net/aktuell/wirtschaft/energiepreise-so-viel-weniger-haben-haushalte-2022-weniger-geheizt-19203382.html,0,www.faz.net,"Hohe Preise, milder Winter: So viel Heizenergie haben die Haushalte 2022 gespart",Die Heizkosten sind im vergangenen Jahr stark gestiegen. Auch deswegen haben die Deutschen zum Teil viel Energie gespart. Allerdings gibt es große regionale Unterschiede.,https://media0.faz.net/ppmedia/aktuell/wirtschaft/426386539/1.9192670/facebook_teaser/die-deutschen-haben-im.jpg,2023-09-27T04:43:57Z,,Die Privathaushalte in Deutschland haben beim Heizen im vergangenen Jahr bei stark gestiegenen Preisen erheblich Energie eingespart. Bereinigt um den Faktor Außentemperatur verbrauchten sie fünf Proz… [+1565 chars],,de,'Heizkosten'
https://www.faz.net/aktuell/gesellschaft/das-aendert-sich-im-oktober-zeitumstellung-und-herbstferien-19203509.html,https://www.faz.net/aktuell/gesellschaft/das-aendert-sich-im-oktober-zeitumstellung-und-herbstferien-19203509.html,0,www.faz.net,Das ändert sich im Oktober: Zeitumstellung und Herbstferien,"Es wird gefeiert und gewählt, verboten und verhandelt. Der Oktober bringt einige Änderungen für Deutschland.",https://media1.faz.net/ppmedia/aktuell/politik/447499181/1.9204587/facebook_teaser/berlin-herbstliche-stimmung-im-treptower-park.jpg,2023-09-27T05:41:19Z,,"Zwei Gasumlagen fallen weg
Zum 1. Oktober werden vorerst zwei Gasumlagen auf null Cent abgesenkt. Die Umlagen machen einen Teil des Gaspreises aus. Konkret sinken die Regelenergieumlage von 0,57 Cen… [+4941 chars]",,de,'Zeitumstellung'
https://science.orf.at/stories/3221409/,https://science.orf.at/stories/3221409/,0,science.orf.at,Einsame Ameisen sterben früher,"Einsamkeit schadet Ameisen: Isoliert man die sozialen Insekten von ihren Artgenossen, sterben sie früher, wie eine neue Studie zeigt. Grund dafür sei Stress bei den Ameisen. Die Forschungsergebnisse sollen dazu beitragen, die Effekte von Isolation bei Mensche…",https://ibs.orf.at/science?image=https%3A%2F%2Ftubestatic.orf.at%2Fmims%2F2023%2F39%2F02%2Fcrops%2Fw%3D1200%2Ch%3D627%2Cq%3D75%2F1953801_master_734802_adobestock_145224683.jpeg%3Fs%3D9217ed10092bdc3d02fd1f0223a24fa2e32f406f,2023-09-27T09:04:26Z,,"Zudem verhalten sich isolierte Ameisen anders, wie Wissenschaftlerinnen und Wissenschaftler der Universität Lausanne (Unil) in der Studie zeigten: Sie werden hyperaktiver, und bewegen sich vermehrt i… [+1682 chars]",,de,'Einsamkeit'
https://www.focus.de/wissen/forschungsergebnis-mit-folgen-einsame-ameisen-erleben-mehr-stress-und-sterben-frueher_id_213899576.html,https://www.focus.de/wissen/forschungsergebnis-mit-folgen-einsame-ameisen-erleben-mehr-stress-und-sterben-frueher_id_213899576.html,0,www.focus.de,Forschungsergebnis mit Folgen - Einsame Ameisen erleben mehr Stress und sterben früher,"Forscher der Universität Lausanne haben gezeigt, dass Einsamkeit die Lebensspanne von Ameisen verkürzt. Die Studie bietet Ansätze für die Behandlung einsamer Menschen.",https://p6.focus.de/img/fotos/id_213899048/imago0273273560h.jpg?im=Crop%3D%280%2C408%2C3265%2C1632%29%3BResize%3D%281200%2C627%29&impolicy=perceptual&quality=mediumHigh&hash=dd4741599bb73282f06cb246a7f7ee959e27ade017752e08f1babfa4d01d9ea1,2023-09-27T13:31:01Z,,"Forscher der Universität Lausanne haben gezeigt, dass Einsamkeit die Lebensspanne von Ameisen verkürzt. Die Studie bietet Ansätze für die Behandlung einsamer Menschen.Schon lange beobachten Wissensch… [+2593 chars]",,de,'Einsamkeit'
https://www.stern.de/gesellschaft/regional/bayern/grosseinsatz--brand-an-der-markuskirche-in-regensburg-33865584.html,https://www.stern.de/gesellschaft/regional/bayern/grosseinsatz--brand-an-der-markuskirche-in-regensburg-33865584.html,0,www.stern.de,Großeinsatz: Brand an der Markuskirche in Regensburg,"Ein Brand an der Markuskirche in Regensburg hat einen Großeinsatz der Feuerwehr ausgelöst. Die Isolierung der Fassade sei in Brand geraten, teilte die Feuerwehr am Mittwochabend mit. Als die Löschzüge anrückten, habe es bereits eine starke Rauchentwicklung ge…",https://image.stern.de/33865586/t/KI/v1/w1440/r1.7778/-/27--urnnewsmldpacom2009010123092799357299v2w800h600l739t617r2481b2504jpeg---e6333ff4b1e8172d.jpg,2023-09-27T17:07:49Z,,"Ein Brand an der Markuskirche in Regensburg hat einen Großeinsatz der Feuerwehr ausgelöst. Die Isolierung der Fassade sei in Brand geraten, teilte die Feuerwehr am Mittwochabend mit. Als die Löschzüg… [+863 chars]",,de,'Isolierung'
https://www.bild.de/regional/berlin/berlin-aktuell/bundesweit-erste-stelle-einsamkeitsbeauftragter-mit-herz-gesucht-85563252.bild.html,https://www.bild.de/regional/berlin/berlin-aktuell/bundesweit-erste-stelle-einsamkeitsbeauftragter-mit-herz-gesucht-85563252.bild.html,0,www.bild.de,Bundesweit erste Stelle - Einsamkeitsbeauftragter mit Herz gesucht,Als bundesweit erste Kommune sucht Reinickendorf einen Einsamkeitsbeauftragten. Er oder sie soll Menschen Wege zurück ins soziale Miteinander ermöglichen.,"https://images.bild.de/65145a6e2ec1c11ad6e1d45e/2cae9d515f1ccc82aff93836fa66b1a5,818838f9?w=1280",2023-09-28T07:05:18Z,,"Berlin Ein Beispiel auch für andere Berliner Bezirke? Als bundesweit erste Kommune sucht Reinickendorf einen Einsamkeitsbeauftragten. Er oder sie soll Menschen, die unter dem Alleinsein leiden, Wege … [+1936 chars]",,de,'Einsamkeit'
https://www.bild.de/news/ausland/news-ausland/einsamkeit-so-schlimm-wie-rauchen-in-schweden-gibts-jetzt-lebensfreude-auf-rezep-85567084.bild.html,https://www.bild.de/news/ausland/news-ausland/einsamkeit-so-schlimm-wie-rauchen-in-schweden-gibts-jetzt-lebensfreude-auf-rezep-85567084.bild.html,0,www.bild.de,Einsamkeit schlimm wie rauchen - In Schweden gibt’s jetzt Lebensfreude auf Rezept,"Ältere Leute sind oft sehr einsam. Eine Untersuchung in Schweden hat gezeigt, dass zwei Drittel alle Menschen, die älter als 65 sind, unter ihrem Alleins...","https://images.bild.de/651539beead54025c14ba60a/3cc073360d4aee015aac6959900ebf5d,7250fb0b?w=1280",2023-09-28T09:27:33Z,,"Ältere Leute sind oft sehr einsam. Eine Untersuchung in Schweden hat gezeigt, dass zwei Drittel alle Menschen, die älter als 65 sind, unter ihrem Alleinsein und der Isolation leiden. Dabei ist dieser… [+1909 chars]",,de,'Einsamkeit'
https://www.morgenpost.de/berlin/article239688199/Berliner-Festival-of-Lights-laesst-Wahrzeichen-leuchten.html,https://www.morgenpost.de/berlin/article239688199/Berliner-Festival-of-Lights-laesst-Wahrzeichen-leuchten.html,0,www.morgenpost.de,Feste: Berliner „Festival of Lights“ lässt Wahrzeichen leuchten,Trotz der Energiesparmaßnahmen fand das Berliner „Festival of Lights“ 2022 statt - in reduzierter Form. In diesem Jahr wird das Festival wieder größer. Die Veranstalter wollen ein bestimmtes Jubiläum feiern.,https://img.morgenpost.de/img/berlin/crop239688197/0042605877-w820-cv16_9-q85/Festival-of-Lights-Berlin.jpg,2023-09-28T13:14:05Z,,Berlin (dpa/bb). Nach einer reduzierten Ausgabe im vergangenen Jahr startet das Berliner Festival of Lights in rund einer Woche wieder in größerer Form. In diesem Jahr werden wir unseren Besucherinne… [+1100 chars],,de,'Energiesparmaßnahmen'
https://vorarlberg.orf.at/stories/3226230/,https://vorarlberg.orf.at/stories/3226230/,0,vorarlberg.orf.at,Nicht nur Betreuung: Warum Frauen Teilzeit arbeiten,"Bundeskanzler Karl Nehammer (ÖVP) sorgt mit Aussagen zu in Teilzeit arbeitenden Frauen für Aufregung. In einem Video fordert er, wer keine Betreuungspflichten hat und über Geldsorgen klagt, solle Vollzeit arbeiten. Laut einer Studie der Wirtschaftskammer arbe…",https://ibs.orf.at/vbg?image=https%3A%2F%2Foekastatic.orf.at%2Fmims%2F2019%2F33%2F21%2Fcrops%2Fw%3D1200%2Ch%3D627%2Cq%3D75%2F261130_master_77921_buero_body.jpg%3Fs%3Df3c8cfaf53e715cb5f987e4b6c871733b73742b6,2023-09-29T14:19:44Z,,"Zahlen zu finden, wie viele Frauen ohne Betreuungspflichten in Teilzeit arbeiten, ist schwer. Diese Gruppe scheint in Beschäftigungsstatistiken nicht auf. Anhaltspunkte gibt aber eine Studie der Wirt… [+1789 chars]",,de,'Geldsorgen'
